{
    "display": {
        "title": "TRMotd V6.5.3           ",
        "description": "/trigger motd - for a random message!\nPack By Infamous, Updated on occasion,\nCreated with the help of M.R. Programs <3",
        "icon": {
            "item": "minecraft:name_tag"
        },
        "announce_to_chat": false,
        "show_toast": false
    },
    "parent": "main:main/motd_pack",
    "criteria": {
        "trigger": {
            "trigger": "minecraft:tick"
        }
    }
}